"timestamp","you_are_randomly_assigned_to_one_of_two_scenarios","what_is_the_maximum_amount_in_euros_you_would_be_willing_to_pay_for_this_box_bid_as_if_this_were_a_real_purchase_your_hypothetical_maximum_bid","what_is_the_maximum_amount_in_euros_you_would_be_willing_to_pay_for_this_mystery_box_bid_as_if_this_were_a_real_purchase_your_hypothetical_maximum_bid","your_age","gender","frequency","on_a_scale_of_1_7_how_curious_are_you_generally_1_not_curious_at_all_7_extremely_curious","have_you_ever_purchased_a_mystery_box_surprise_item_or_blind_box_product","how_seriously_did_you_consider_your_bid","condition","wtp","age","curiosity","prior","seriousness"
2025-12-20 23:05:56.068,"Scenario B",NA,5,25,"Female","Often (weekly)",2,"Yes","Somewhat seriously","Mystery box",5,25,2,"Yes","Somewhat seriously"
2025-12-25 09:31:10.348,"Scenario A",12,NA,18,"Female","Rarely (few times per year)",3,"No","Not seriously at all (just random)","Known product",12,18,3,"No","Not seriously at all (just random)"
2025-12-25 11:20:46.007,"Scenario B",NA,15,26,"Male","Often (weekly)",5,"Yes","Very seriously (as if real money)","Mystery box",15,26,5,"Yes","Very seriously (as if real money)"
2025-12-25 11:24:04.272,"Scenario B",NA,30,23,"Female","Often (weekly)",5,"No","Very seriously (as if real money)","Mystery box",30,23,5,"No","Very seriously (as if real money)"
2025-12-25 14:27:16.543,"Scenario A",9,NA,23,"Male","Sometimes (monthly)",5,"Yes","Somewhat seriously","Known product",9,23,5,"Yes","Somewhat seriously"
2025-12-25 14:30:02.993,"Scenario A",10,NA,21,"Female","Rarely (few times per year)",4,"Yes","Seriously","Known product",10,21,4,"Yes","Seriously"
2025-12-25 14:37:43.208,"Scenario A",10,NA,24,"Prefer not to say","Often (weekly)",6,"No","Seriously","Known product",10,24,6,"No","Seriously"
2025-12-25 14:53:16.23,"Scenario A",5,NA,24,"Female","Sometimes (monthly)",4,"No","Seriously","Known product",5,24,4,"No","Seriously"
2025-12-25 14:56:28.937,"Scenario A",10,NA,24,"Male","Often (weekly)",6,"No","Somewhat seriously","Known product",10,24,6,"No","Somewhat seriously"
2025-12-25 15:53:57.644,"Scenario A",10,NA,27,"Female","Often (weekly)",5,"No","Somewhat seriously","Known product",10,27,5,"No","Somewhat seriously"
2025-12-26 12:38:00.906,"Scenario A",10,NA,30,"Male","Sometimes (monthly)",6,"No","Very seriously (as if real money)","Known product",10,30,6,"No","Very seriously (as if real money)"
2025-12-26 16:37:41.377,"Scenario A",10,NA,25,"Female","Very often (daily)",6,"No","Seriously","Known product",10,25,6,"No","Seriously"
2026-01-03 15:26:09.173,"Scenario B",NA,10,23,"Female","Very often (daily)",5,"No","Somewhat seriously","Mystery box",10,23,5,"No","Somewhat seriously"
2026-01-03 16:10:21.397,"Scenario A",15,NA,18,"Female","Rarely (few times per year)",4,"Yes","Seriously","Known product",15,18,4,"Yes","Seriously"
2026-01-03 16:29:01.439,"Scenario A",14,NA,24,"Male","Rarely (few times per year)",3,"Yes","Somewhat seriously","Known product",14,24,3,"Yes","Somewhat seriously"
2026-01-03 16:30:01.608,"Scenario A",10,NA,24,"Male","Often (weekly)",6,"No","Somewhat seriously","Known product",10,24,6,"No","Somewhat seriously"
2026-01-03 16:35:42.69,"Scenario B",NA,8,25,"Male","Often (weekly)",5,"No","Not seriously at all (just random)","Mystery box",8,25,5,"No","Not seriously at all (just random)"
2026-01-03 16:36:11.436,"Scenario B",NA,10,27,"Male","Sometimes (monthly)",2,"No","Not seriously at all (just random)","Mystery box",10,27,2,"No","Not seriously at all (just random)"
2026-01-03 16:36:50.947,"Scenario A",15,NA,24,"Female","Sometimes (monthly)",6,"Yes","Seriously","Known product",15,24,6,"Yes","Seriously"
2026-01-03 17:22:03.772,"Scenario A",12,NA,25,"Female","Often (weekly)",6,"Yes","Seriously","Known product",12,25,6,"Yes","Seriously"
2026-01-03 17:23:26.111,"Scenario A",15,NA,23,"Male","Rarely (few times per year)",5,"Yes","Seriously","Known product",15,23,5,"Yes","Seriously"
2026-01-03 17:25:44.449,"Scenario A",10,NA,31,"Male","Rarely (few times per year)",7,"Yes","Very seriously (as if real money)","Known product",10,31,7,"Yes","Very seriously (as if real money)"
2026-01-03 17:30:19.544,"Scenario A",13,NA,28,"Male","Often (weekly)",5,"No","Seriously","Known product",13,28,5,"No","Seriously"
2026-01-03 17:31:27.737,"Scenario B",NA,10,25,"Male","Rarely (few times per year)",3,"Yes","Somewhat seriously","Mystery box",10,25,3,"Yes","Somewhat seriously"
2026-01-03 17:34:24.574,"Scenario B",NA,25,21,"Female","Very often (daily)",6,"No","Seriously","Mystery box",25,21,6,"No","Seriously"
2026-01-03 17:38:26.872,"Scenario B",NA,50,26,"Female","Often (weekly)",5,"Yes","Seriously","Mystery box",50,26,5,"Yes","Seriously"
2026-01-03 17:53:53.193,"Scenario A",10,NA,26,"Male","Rarely (few times per year)",2,"No","Very seriously (as if real money)","Known product",10,26,2,"No","Very seriously (as if real money)"
2026-01-03 17:55:30.017,"Scenario A",12,NA,33,"Female","Often (weekly)",7,"No","Seriously","Known product",12,33,7,"No","Seriously"
2026-01-03 18:09:20.785,"Scenario B",NA,10,24,"Female","Often (weekly)",5,"Yes","Somewhat seriously","Mystery box",10,24,5,"Yes","Somewhat seriously"
2026-01-03 19:00:00.114,"Scenario A",12,NA,22,"Female","Very often (daily)",6,"Yes","Somewhat seriously","Known product",12,22,6,"Yes","Somewhat seriously"
2026-01-03 19:06:51.696,"Scenario A",13,NA,26,"Male","Very often (daily)",6,"No","Seriously","Known product",13,26,6,"No","Seriously"
2026-01-03 19:07:01.95,"Scenario A",13,NA,26,"Male","Sometimes (monthly)",6,"Yes","Very seriously (as if real money)","Known product",13,26,6,"Yes","Very seriously (as if real money)"
2026-01-03 20:46:57.242,"Scenario B",NA,10,26,"Male","Rarely (few times per year)",2,"No","Somewhat seriously","Mystery box",10,26,2,"No","Somewhat seriously"
2026-01-03 20:54:43.013,"Scenario A",12,NA,22,"Female","Sometimes (monthly)",3,"Yes","Seriously","Known product",12,22,3,"Yes","Seriously"
2026-01-03 23:19:58.747,"Scenario B",NA,10,26,"Male","Very often (daily)",4,"Yes","Very seriously (as if real money)","Mystery box",10,26,4,"Yes","Very seriously (as if real money)"
2026-01-04 12:29:52.576,"Scenario A",12,NA,30,"Male","Sometimes (monthly)",7,"Yes","Very seriously (as if real money)","Known product",12,30,7,"Yes","Very seriously (as if real money)"
2026-01-04 16:16:23.261,"Scenario B",NA,14,25,"Male","Rarely (few times per year)",4,"Yes","Seriously","Mystery box",14,25,4,"Yes","Seriously"
2026-01-04 16:16:48.111,"Scenario B",NA,12,28,"Other","Often (weekly)",5,"No","Very seriously (as if real money)","Mystery box",12,28,5,"No","Very seriously (as if real money)"
2026-01-04 16:17:09.117,"Scenario B",NA,10,24,"Male","Often (weekly)",4,"No","Somewhat seriously","Mystery box",10,24,4,"No","Somewhat seriously"
2026-01-04 16:17:29.058,"Scenario B",NA,13,23,"Female","Often (weekly)",5,"Yes","Somewhat seriously","Mystery box",13,23,5,"Yes","Somewhat seriously"
2026-01-04 16:17:53.552,"Scenario B",NA,12,33,"Male","Rarely (few times per year)",5,"Yes","Seriously","Mystery box",12,33,5,"Yes","Seriously"
2026-01-04 16:18:16.328,"Scenario B",NA,11,23,"Female","Often (weekly)",4,"Yes","Seriously","Mystery box",11,23,4,"Yes","Seriously"
2026-01-04 16:18:37.954,"Scenario B",NA,12,29,"Male","Sometimes (monthly)",3,"No","Not seriously at all (just random)","Mystery box",12,29,3,"No","Not seriously at all (just random)"
2026-01-04 16:18:56.208,"Scenario B",NA,11,18,"Male","Rarely (few times per year)",2,"Yes","Somewhat seriously","Mystery box",11,18,2,"Yes","Somewhat seriously"
2026-01-04 16:19:31.915,"Scenario B",NA,12,29,"Female","Rarely (few times per year)",5,"Yes","Somewhat seriously","Mystery box",12,29,5,"Yes","Somewhat seriously"
2026-01-04 16:24:05.032,"Scenario B",NA,15,29,"Male","Rarely (few times per year)",1,"No","Not seriously at all (just random)","Mystery box",15,29,1,"No","Not seriously at all (just random)"
2026-01-04 16:24:59.653,"Scenario A",15,NA,20,"Female","Very often (daily)",7,"Yes","Very seriously (as if real money)","Known product",15,20,7,"Yes","Very seriously (as if real money)"
2026-01-04 16:42:25.665,"Scenario B",NA,13,21,"Female","Rarely (few times per year)",6,"Yes","Seriously","Mystery box",13,21,6,"Yes","Seriously"
2026-01-04 16:42:53.605,"Scenario A",15,NA,21,"Female","Very often (daily)",7,"Yes","Very seriously (as if real money)","Known product",15,21,7,"Yes","Very seriously (as if real money)"
2026-01-04 16:43:18.656,"Scenario B",NA,10,41,"Female","Often (weekly)",6,"Yes","Very seriously (as if real money)","Mystery box",10,41,6,"Yes","Very seriously (as if real money)"
2026-01-04 16:43:46.858,"Scenario A",10,NA,27,"Male","Often (weekly)",6,"Yes","Somewhat seriously","Known product",10,27,6,"Yes","Somewhat seriously"
2026-01-04 16:43:52.93,"Scenario B",NA,11,23,"Female","Sometimes (monthly)",5,"No","Not seriously at all (just random)","Mystery box",11,23,5,"No","Not seriously at all (just random)"
2026-01-04 16:44:00.677,"Scenario B",NA,10,31,"Male","Rarely (few times per year)",2,"No","Somewhat seriously","Mystery box",10,31,2,"No","Somewhat seriously"
2026-01-04 16:45:07.469,"Scenario B",NA,14,23,"Other","Often (weekly)",7,"Yes","Seriously","Mystery box",14,23,7,"Yes","Seriously"
2026-01-04 16:46:10.233,"Scenario B",NA,14,27,"Female","Very often (daily)",7,"Yes","Seriously","Mystery box",14,27,7,"Yes","Seriously"
2026-01-04 16:46:34.102,"Scenario A",12,NA,26,"Female","Very often (daily)",6,"Yes","Very seriously (as if real money)","Known product",12,26,6,"Yes","Very seriously (as if real money)"
2026-01-04 16:47:09.417,"Scenario B",NA,11,22,"Male","Rarely (few times per year)",5,"No","Somewhat seriously","Mystery box",11,22,5,"No","Somewhat seriously"
2026-01-04 16:47:14.266,"Scenario B",NA,13,32,"Male","Rarely (few times per year)",5,"No","Very seriously (as if real money)","Mystery box",13,32,5,"No","Very seriously (as if real money)"
2026-01-04 16:47:55.693,"Scenario A",17,NA,24,"Male","Often (weekly)",6,"Yes","Seriously","Known product",17,24,6,"Yes","Seriously"
2026-01-04 16:49:07.924,"Scenario B",NA,9,19,"Male","Rarely (few times per year)",4,"No","Not seriously at all (just random)","Mystery box",9,19,4,"No","Not seriously at all (just random)"
2026-01-04 16:49:46.608,"Scenario B",NA,50,24,"Female","Sometimes (monthly)",7,"No","Very seriously (as if real money)","Mystery box",50,24,7,"No","Very seriously (as if real money)"
